{"cameraMode":{"drawMode":0,"name":"Shaded","section":"Shading Mode"},"sceneLighting":false,"audioPlay":false,"sceneViewState":{"showFog":true,"showMaterialUpdate":false,"showSkybox":false,"showFlares":true,"showImageEffects":true,"showParticleSystems":true},"in2DMode":false,"pivot":{"x":405.77667236328127,"y":221.31344604492188,"z":73.0069580078125},"rotation":{"x":-0.12595951557159425,"y":0.015473605133593083,"z":-0.0019645895808935167,"w":-0.9919127821922302},"size":212.92752075195313,"orthographic":false}