{"cameraMode":{"drawMode":0,"name":"Shaded","section":"Shading Mode"},"sceneLighting":false,"audioPlay":false,"sceneViewState":{"showFog":true,"showMaterialUpdate":false,"showSkybox":false,"showFlares":true,"showImageEffects":true,"showParticleSystems":true},"in2DMode":false,"pivot":{"x":10.587437629699707,"y":3.0369410514831545,"z":3.4482603073120119},"rotation":{"x":-0.09305331856012345,"y":-0.7101842164993286,"z":0.09560144692659378,"w":-0.6912596225738525},"size":22.0,"orthographic":false}